-- 테스트용 참가자 데이터
INSERT OR IGNORE INTO participants (id, name, phone_hash, phone_last4, created_at) VALUES
(1, '김성호', 'hash1', '1234', '2026-01-01 10:00'),
(2, '이미영', 'hash2', '5678', '2026-01-01 10:00'),
(3, '박준혁', 'hash3', '9012', '2026-01-01 10:00'),
(4, '최서연', 'hash4', '3456', '2026-01-01 10:00'),
(5, '정민수', 'hash5', '7890', '2026-01-01 10:00'),
(6, '강하늘', 'hash6', '2345', '2026-01-01 10:00'),
(7, '윤지현', 'hash7', '6789', '2026-01-01 10:00'),
(8, '한동우', 'hash8', '0123', '2026-01-01 10:00'),
(9, '송예린', 'hash9', '4567', '2026-01-01 10:00'),
(10, '임재훈', 'hash10', '8901', '2026-01-01 10:00');

-- 테스트용 세션 데이터
INSERT OR IGNORE INTO sessions (id, title, session_date, starts_at, ends_at, token_hash, short_code, status, created_at) VALUES
('session-1', '주일미사', '2026-01-05', '09:00', '12:00', 'token1', 'ABCD1234', 'ACTIVE', '2026-01-05 08:00'),
('session-2', '새벽미사', '2026-01-05', '06:00', '07:00', 'token2', 'EFGH5678', 'ACTIVE', '2026-01-05 05:00');

-- 테스트용 출석 데이터
INSERT OR IGNORE INTO attendances (session_id, session_title, participant_id, name, phone, phone_last4, checked_in_at) VALUES
('session-1', '주일미사', 1, '김성호', '01012341234', '1234', '2026-01-05 09:15'),
('session-1', '주일미사', 2, '이미영', '01055555678', '5678', '2026-01-05 09:18'),
('session-1', '주일미사', 3, '박준혁', '01099999012', '9012', '2026-01-05 09:22'),
('session-1', '주일미사', 4, '최서연', '01033333456', '3456', '2026-01-05 09:25'),
('session-1', '주일미사', 5, '정민수', '01077777890', '7890', '2026-01-05 09:30'),
('session-1', '주일미사', 6, '강하늘', '01022222345', '2345', '2026-01-05 09:32'),
('session-1', '주일미사', 7, '윤지현', '01066666789', '6789', '2026-01-05 09:35'),
('session-2', '새벽미사', 1, '김성호', '01012341234', '1234', '2026-01-05 06:10'),
('session-2', '새벽미사', 8, '한동우', '01000000123', '0123', '2026-01-05 06:15'),
('session-2', '새벽미사', 9, '송예린', '01044444567', '4567', '2026-01-05 06:20'),
('session-2', '새벽미사', 10, '임재훈', '01088888901', '8901', '2026-01-05 06:25');

-- 성당 이름 설정
INSERT OR REPLACE INTO settings (key, value) VALUES ('church_name', '성요셉 성당');

